indice_tiempo,agricultura_ganaderia_caza_silvicultura,pesca,explotacion_minas_canteras,industrias_manufactureras,suministro_electricidad_gas_agua,construccion,comercio_reparaciones,hoteles_restaurantes,transporte_almacenamiento_comunicaciones,intermediacion_financiera,actividades_inmobiliarias_empresariales_alquiler,ensenianza,servicios_sociales_salud,otras_actividades_servicios_comunitarias_soc_personales,total
1995-01-01,404.0,1542.0,1738.0,942.0,1568.0,583.0,667.0,521.0,1043.0,1541.0,686.0,,738.0,732.0,832.0
1995-02-01,408.0,1469.0,1746.0,914.0,1561.0,600.0,651.0,520.0,1046.0,1522.0,678.0,,732.0,732.0,821.0
1995-03-01,424.0,1356.0,1675.0,905.0,1528.0,585.0,655.0,520.0,1074.0,1516.0,662.0,,729.0,729.0,815.0
1995-04-01,392.0,1318.0,1727.0,895.0,1437.0,580.0,651.0,523.0,1056.0,1558.0,677.0,528.0,731.0,725.0,794.0
1995-05-01,395.0,1232.0,1737.0,913.0,1510.0,585.0,649.0,521.0,1060.0,1582.0,682.0,528.0,731.0,728.0,801.0
1995-06-01,414.0,1299.0,1781.0,930.0,1516.0,598.0,656.0,524.0,1060.0,1584.0,697.0,525.0,736.0,731.0,820.0
1995-07-01,413.0,1323.0,1759.0,942.0,1494.0,595.0,649.0,520.0,1051.0,1576.0,686.0,528.0,731.0,728.0,816.0
1995-08-01,415.0,1296.0,1799.0,914.0,1460.0,600.0,650.0,516.0,1046.0,1524.0,685.0,525.0,733.0,728.0,807.0
1995-09-01,414.0,1363.0,1784.0,913.0,1498.0,600.0,651.0,518.0,1055.0,1598.0,683.0,523.0,732.0,717.0,807.0
1995-10-01,410.0,1376.0,1788.0,896.0,1468.0,578.0,653.0,521.0,1054.0,1550.0,675.0,522.0,734.0,746.0,807.0
1995-11-01,413.0,1327.0,1817.0,928.0,1507.0,608.0,655.0,523.0,1053.0,1653.0,686.0,526.0,731.0,734.0,814.0
1995-12-01,417.0,1449.0,1858.0,952.0,1512.0,644.0,664.0,531.0,1074.0,1590.0,706.0,528.0,752.0,742.0,835.0
1996-01-01,390.0,1472.0,1783.0,938.0,1497.0,610.0,656.0,529.0,1049.0,1596.0,696.0,532.0,732.0,736.0,810.0
1996-02-01,375.0,1429.0,1827.0,911.0,1416.0,606.0,636.0,505.0,1057.0,1504.0,654.0,513.0,712.0,704.0,781.0
1996-03-01,383.0,1444.0,1770.0,924.0,1496.0,604.0,651.0,509.0,1060.0,1585.0,675.0,522.0,735.0,726.0,802.0
1996-04-01,392.0,1282.0,1808.0,921.0,1412.0,600.0,655.0,511.0,1057.0,1581.0,677.0,523.0,735.0,726.0,801.0
1996-05-01,389.0,1376.0,1915.0,937.0,1485.0,612.0,656.0,519.0,1049.0,1587.0,679.0,523.0,734.0,724.0,806.0
1996-06-01,388.0,1281.0,1846.0,940.0,1461.0,606.0,652.0,516.0,1050.0,1588.0,679.0,524.0,736.0,725.0,803.0
1996-07-01,388.0,1286.0,1854.0,945.0,1503.0,591.0,657.0,516.0,1039.0,1607.0,676.0,525.0,740.0,718.0,802.0
1996-08-01,387.0,1306.0,1857.0,949.0,1515.0,597.0,657.0,518.0,1058.0,1590.0,679.0,528.0,739.0,720.0,805.0
1996-09-01,386.0,1431.0,1886.0,947.0,1504.0,581.0,661.0,520.0,1060.0,1693.0,679.0,527.0,748.0,713.0,807.0
1996-10-01,387.0,1332.0,1817.0,924.0,1567.0,577.0,660.0,519.0,1045.0,1626.0,669.0,528.0,744.0,718.0,801.0
1996-11-01,388.0,1516.0,1897.0,952.0,1495.0,604.0,655.0,515.0,1035.0,1592.0,679.0,527.0,743.0,739.0,803.0
1996-12-01,392.0,1405.0,1870.0,955.0,1493.0,574.0,660.0,518.0,1028.0,1637.0,674.0,524.0,752.0,720.0,802.0
1997-01-01,397.0,1448.0,1879.0,936.0,1492.0,568.0,656.0,514.0,1026.0,1625.0,677.0,526.0,743.0,722.0,797.0
1997-02-01,396.0,1422.0,1819.0,935.0,1501.0,561.0,659.0,517.0,1021.0,1617.0,682.0,527.0,741.0,724.0,797.0
1997-03-01,394.0,1286.0,1767.0,930.0,1491.0,565.0,661.0,512.0,1028.0,1564.0,677.0,525.0,742.0,725.0,795.0
1997-04-01,397.0,1361.0,1888.0,923.0,1511.0,571.0,662.0,508.0,1016.0,1611.0,674.0,522.0,744.0,725.0,795.0
1997-05-01,394.0,1351.0,2058.0,937.0,1493.0,568.0,666.0,513.0,1021.0,1625.0,677.0,521.0,745.0,729.0,800.0
1997-06-01,395.0,1337.0,1870.0,944.0,1536.0,560.0,667.0,515.0,1010.0,1652.0,681.0,524.0,744.0,729.0,800.0
1997-07-01,396.0,1342.0,1877.0,939.0,1521.0,565.0,669.0,518.0,1012.0,1654.0,678.0,522.0,745.0,735.0,797.0
1997-08-01,393.0,1181.0,1886.0,938.0,1512.0,557.0,667.0,518.0,1002.0,1672.0,678.0,521.0,748.0,734.0,797.0
1997-09-01,397.0,1414.0,1922.0,945.0,1533.0,564.0,671.0,518.0,1005.0,1653.0,683.0,524.0,749.0,740.0,802.0
1997-10-01,399.0,1328.0,1967.0,954.0,1547.0,579.0,672.0,517.0,978.0,1693.0,687.0,525.0,746.0,736.0,810.0
1997-11-01,397.0,1328.0,1926.0,940.0,1514.0,561.0,672.0,516.0,1021.0,1695.0,678.0,527.0,749.0,738.0,800.0
1997-12-01,396.0,1354.0,1934.0,946.0,1527.0,561.0,673.0,516.0,1016.0,1686.0,686.0,513.0,756.0,737.0,800.0
1998-01-01,402.0,1268.0,1898.0,942.0,1550.0,559.0,674.0,514.0,1033.0,1642.0,686.0,513.0,747.0,741.0,802.0
1998-02-01,400.0,1367.0,1911.0,941.0,1541.0,569.0,677.0,514.0,1017.0,1676.0,688.0,525.0,752.0,737.0,802.0
1998-03-01,407.0,1502.0,2069.0,937.0,1553.0,565.0,678.0,514.0,1014.0,1693.0,695.0,528.0,752.0,739.0,806.0
1998-04-01,402.0,1382.0,1968.0,943.0,1561.0,566.0,681.0,517.0,1020.0,1680.0,694.0,530.0,753.0,739.0,807.0
1998-05-01,401.0,1457.0,1926.0,945.0,1590.0,561.0,679.0,520.0,1020.0,1677.0,687.0,531.0,758.0,739.0,805.0
1998-06-01,402.0,1482.0,1986.0,952.0,1550.0,565.0,680.0,518.0,1030.0,1704.0,688.0,532.0,753.0,736.0,806.0
1998-07-01,396.0,1470.0,2047.0,950.0,1535.0,580.0,680.0,517.0,1022.0,1687.0,688.0,530.0,756.0,739.0,806.0
1998-08-01,399.0,1394.0,1988.0,952.0,1561.0,575.0,683.0,518.0,1032.0,1706.0,687.0,532.0,757.0,741.0,809.0
1998-09-01,402.0,1484.0,1997.0,946.0,1534.0,582.0,680.0,518.0,1029.0,1681.0,684.0,532.0,759.0,740.0,803.0
1998-10-01,400.0,1628.0,2037.0,947.0,1548.0,597.0,680.0,520.0,1035.0,1721.0,693.0,532.0,761.0,743.0,813.0
1998-11-01,400.0,1573.0,2023.0,950.0,1566.0,576.0,688.0,519.0,1037.0,1728.0,693.0,535.0,765.0,745.0,811.0
1998-12-01,401.0,1397.0,2010.0,959.0,1605.0,577.0,688.0,525.0,1050.0,1702.0,696.0,538.0,787.0,751.0,813.0
1999-01-01,401.0,1526.0,2076.0,943.0,1548.0,576.0,687.0,521.0,1043.0,1650.0,692.0,536.0,737.0,751.0,808.0
1999-02-01,401.0,1589.0,2082.0,950.0,1568.0,574.0,686.0,519.0,1028.0,1720.0,693.0,535.0,769.0,755.0,811.0
1999-03-01,405.0,1361.0,1763.0,946.0,1602.0,574.0,689.0,522.0,1031.0,1690.0,693.0,535.0,771.0,757.0,809.0
1999-04-01,404.0,1497.0,2039.0,951.0,1553.0,567.0,681.0,518.0,1028.0,1746.0,695.0,537.0,765.0,756.0,811.0
1999-05-01,403.0,1395.0,1898.0,953.0,1540.0,571.0,684.0,517.0,1039.0,1714.0,699.0,536.0,766.0,757.0,809.0
1999-06-01,408.0,1331.0,2230.0,956.0,1553.0,572.0,689.0,522.0,1041.0,1685.0,696.0,544.0,775.0,766.0,812.0
1999-07-01,402.0,1524.0,1935.0,950.0,1565.0,570.0,685.0,518.0,1038.0,1700.0,696.0,536.0,766.0,759.0,808.0
1999-08-01,401.0,1457.0,1996.0,955.0,1560.0,578.0,688.0,516.0,1035.0,1719.0,698.0,537.0,766.0,761.0,811.0
1999-09-01,399.0,1312.0,1993.0,959.0,1555.0,580.0,688.0,516.0,1035.0,1767.0,700.0,538.0,762.0,765.0,811.0
1999-10-01,398.0,1331.0,1957.0,965.0,1558.0,585.0,689.0,516.0,1007.0,1698.0,701.0,540.0,767.0,768.0,813.0
1999-11-01,397.0,1411.0,1979.0,962.0,1564.0,589.0,692.0,518.0,1036.0,1743.0,705.0,538.0,766.0,766.0,816.0
1999-12-01,398.0,1332.0,2026.0,965.0,1572.0,591.0,695.0,522.0,1054.0,1716.0,705.0,539.0,785.0,774.0,818.0
2000-01-01,396.0,1372.0,2025.0,973.0,1574.0,588.0,691.0,515.0,1052.0,1754.0,701.0,535.0,766.0,763.0,821.0
2000-02-01,379.0,1548.0,1997.0,948.0,1518.0,572.0,659.0,493.0,1043.0,1700.0,678.0,518.0,744.0,734.0,791.0
2000-03-01,393.0,1793.0,2040.0,979.0,1562.0,582.0,681.0,513.0,1040.0,1755.0,702.0,535.0,766.0,761.0,818.0
2000-04-01,388.0,1722.0,2202.0,977.0,1569.0,580.0,697.0,510.0,1037.0,1883.0,714.0,537.0,765.0,762.0,827.0
2000-05-01,393.0,1505.0,1943.0,959.0,1571.0,569.0,684.0,514.0,1041.0,1754.0,709.0,536.0,765.0,768.0,813.0
2000-06-01,391.0,1589.0,1995.0,970.0,1565.0,582.0,687.0,517.0,1049.0,1726.0,711.0,541.0,768.0,782.0,817.0
2000-07-01,387.0,1401.0,1988.0,970.0,1567.0,569.0,684.0,513.0,1052.0,1741.0,714.0,537.0,777.0,767.0,818.0
2000-08-01,387.0,1558.0,1984.0,965.0,1572.0,572.0,684.0,511.0,1054.0,1741.0,712.0,537.0,761.0,766.0,814.0
2000-09-01,384.0,1411.0,2015.0,965.0,1576.0,563.0,682.0,511.0,1051.0,1843.0,712.0,537.0,766.0,763.0,818.0
2000-10-01,389.0,1570.0,1989.0,964.0,1571.0,569.0,683.0,508.0,1051.0,1753.0,715.0,538.0,763.0,762.0,816.0
2000-11-01,388.0,1470.0,1985.0,950.0,1583.0,561.0,682.0,511.0,1049.0,1748.0,714.0,542.0,764.0,761.0,810.0
2000-12-01,387.0,1679.0,1986.0,962.0,1558.0,576.0,689.0,513.0,1058.0,1780.0,718.0,548.0,779.0,767.0,817.0
2001-01-01,384.0,1594.0,2022.0,971.0,1575.0,559.0,683.0,500.0,1062.0,1729.0,710.0,546.0,764.0,753.0,816.0
2001-02-01,388.0,1403.0,2021.0,978.0,1565.0,559.0,687.0,503.0,1052.0,1811.0,712.0,549.0,774.0,760.0,820.0
2001-03-01,387.0,1562.0,1752.0,971.0,1548.0,558.0,682.0,499.0,1046.0,1975.0,709.0,545.0,768.0,758.0,819.0
2001-04-01,396.0,1623.0,1924.0,964.0,1615.0,574.0,698.0,505.0,1048.0,1764.0,716.0,547.0,776.0,764.0,817.0
2001-05-01,390.0,1722.0,2368.0,964.0,1570.0,568.0,683.0,500.0,1043.0,1770.0,708.0,549.0,771.0,756.0,815.0
2001-06-01,387.0,1592.0,2001.0,965.0,1583.0,567.0,681.0,502.0,1040.0,1797.0,718.0,542.0,774.0,771.0,815.0
2001-07-01,387.0,1458.0,1959.0,949.0,1538.0,560.0,674.0,501.0,1036.0,1782.0,703.0,546.0,762.0,750.0,806.0
2001-08-01,384.0,1962.0,2049.0,945.0,1559.0,570.0,671.0,499.0,1025.0,1869.0,706.0,540.0,777.0,747.0,809.0
2001-09-01,382.0,2544.0,1990.0,946.0,1579.0,575.0,673.0,496.0,1034.0,1772.0,703.0,544.0,767.0,750.0,808.0
2001-10-01,383.0,2093.0,2050.0,941.0,1558.0,582.0,670.0,491.0,1025.0,1790.0,682.0,542.0,767.0,747.0,803.0
2001-11-01,387.0,2028.0,2063.0,957.0,1535.0,597.0,671.0,497.0,1036.0,1767.0,709.0,542.0,766.0,752.0,812.0
2001-12-01,390.0,1961.0,2054.0,951.0,1564.0,618.0,680.0,500.0,1019.0,1869.0,712.0,541.0,769.0,757.0,816.0
2002-01-01,392.0,1951.0,2082.0,925.0,1485.0,634.0,655.0,492.0,1016.0,1709.0,694.0,546.0,741.0,740.0,797.0
2002-02-01,397.0,1770.0,2159.0,983.0,1632.0,674.0,667.0,499.0,1033.0,1971.0,719.0,543.0,761.0,760.0,835.0
2002-03-01,393.0,1711.0,2254.0,953.0,1471.0,652.0,672.0,493.0,1023.0,1657.0,726.0,538.0,762.0,760.0,815.0
2002-04-01,397.0,2096.0,2267.0,977.0,1578.0,653.0,668.0,499.0,1032.0,1805.0,730.0,533.0,758.0,759.0,825.0
2002-05-01,400.0,2353.0,2547.0,997.0,1583.0,676.0,677.0,499.0,1027.0,1840.0,723.0,533.0,756.0,766.0,836.0
2002-06-01,404.0,2356.0,2168.0,1002.0,1594.0,679.0,680.0,499.0,1046.0,1853.0,740.0,518.0,761.0,771.0,838.0
2002-07-01,409.0,2450.0,2471.0,1049.0,1627.0,709.0,704.0,525.0,1076.0,1877.0,750.0,548.0,766.0,788.0,870.0
2002-08-01,425.0,2540.0,2419.0,1050.0,1634.0,704.0,703.0,526.0,1077.0,1844.0,758.0,540.0,783.0,797.0,869.0
2002-09-01,433.0,2320.0,2499.0,1069.0,1624.0,715.0,712.0,528.0,1075.0,1863.0,763.0,537.0,789.0,801.0,876.0
2002-10-01,443.0,2401.0,2748.0,1089.0,1683.0,710.0,729.0,537.0,1095.0,1951.0,774.0,544.0,805.0,811.0,894.0
2002-11-01,449.0,2389.0,2595.0,1090.0,1674.0,697.0,730.0,542.0,1109.0,1965.0,772.0,547.0,807.0,822.0,896.0
2002-12-01,447.0,2423.0,2603.0,1098.0,1686.0,700.0,735.0,544.0,1110.0,1909.0,778.0,544.0,812.0,824.0,897.0
2003-01-01,473.0,2398.0,2606.0,1117.0,1694.0,694.0,750.0,558.0,1108.0,1984.0,795.0,548.0,817.0,840.0,911.0
2003-02-01,491.0,2324.0,2599.0,1156.0,1739.0,732.0,762.0,562.0,1134.0,1953.0,808.0,555.0,826.0,846.0,928.0
2003-03-01,492.0,2333.0,2696.0,1149.0,1813.0,707.0,770.0,569.0,1140.0,1945.0,797.0,548.0,830.0,854.0,931.0
2003-04-01,494.0,2291.0,2689.0,1165.0,1733.0,691.0,773.0,570.0,1160.0,1967.0,795.0,550.0,838.0,859.0,931.0
2003-05-01,506.0,2359.0,2617.0,1162.0,1781.0,699.0,790.0,586.0,1160.0,1981.0,818.0,555.0,872.0,892.0,943.0
2003-06-01,520.0,2513.0,2782.0,1148.0,1781.0,701.0,770.0,568.0,1151.0,1950.0,816.0,554.0,848.0,873.0,935.0
2003-07-01,584.0,2424.0,2942.0,1170.0,1812.0,710.0,809.0,597.0,1177.0,1998.0,835.0,556.0,912.0,901.0,966.0
2003-08-01,578.0,2304.0,2825.0,1190.0,1838.0,715.0,812.0,610.0,1213.0,2035.0,846.0,553.0,905.0,919.0,976.0
2003-09-01,595.0,2660.0,2798.0,1197.0,1841.0,723.0,826.0,629.0,1233.0,2064.0,841.0,561.0,944.0,942.0,988.0
2003-10-01,605.0,2504.0,2846.0,1230.0,1868.0,745.0,840.0,646.0,1285.0,2039.0,878.0,563.0,952.0,954.0,1009.0
2003-11-01,606.0,2532.0,2865.0,1265.0,1952.0,769.0,857.0,661.0,1283.0,2080.0,890.0,584.0,984.0,962.0,1028.0
2003-12-01,610.0,2692.0,2910.0,1280.0,1959.0,768.0,872.0,671.0,1265.0,2120.0,896.0,573.0,969.0,969.0,1037.0
2004-01-01,618.0,2705.0,2959.0,1300.0,1967.0,799.0,902.0,703.0,1347.0,2181.0,920.0,587.0,1016.0,1016.0,1066.0
2004-02-01,612.0,2690.0,3036.0,1337.0,1983.0,818.0,905.0,710.0,1396.0,2211.0,930.0,590.0,1007.0,1005.0,1074.0
2004-03-01,654.0,2833.0,3052.0,1380.0,2060.0,854.0,932.0,735.0,1432.0,2283.0,958.0,595.0,1042.0,1042.0,1116.0
2004-04-01,653.0,2572.0,2947.0,1369.0,2067.0,839.0,941.0,744.0,1449.0,2173.0,970.0,593.0,1050.0,1033.0,1110.0
2004-05-01,654.0,2428.0,3034.0,1374.0,2017.0,814.0,932.0,746.0,1383.0,2214.0,977.0,599.0,1034.0,1037.0,1107.0
2004-06-01,656.0,2716.0,3002.0,1362.0,2140.0,828.0,935.0,737.0,1419.0,2244.0,968.0,608.0,1038.0,1040.0,1109.0
2004-07-01,650.0,2214.0,2989.0,1360.0,2065.0,817.0,928.0,733.0,1416.0,2197.0,965.0,626.0,1053.0,1027.0,1105.0
2004-08-01,647.0,2295.0,3073.0,1374.0,2057.0,828.0,930.0,730.0,1410.0,2251.0,960.0,639.0,1063.0,1030.0,1110.0
2004-09-01,656.0,2370.0,3009.0,1368.0,2095.0,824.0,930.0,738.0,1429.0,2206.0,966.0,644.0,1046.0,1027.0,1108.0
2004-10-01,652.0,2481.0,3186.0,1386.0,2092.0,848.0,938.0,743.0,1443.0,2279.0,964.0,653.0,1064.0,1028.0,1122.0
2004-11-01,661.0,2585.0,3042.0,1390.0,2137.0,846.0,948.0,746.0,1438.0,2244.0,983.0,661.0,1060.0,1033.0,1126.0
2004-12-01,674.0,2572.0,3224.0,1413.0,2124.0,860.0,949.0,759.0,1483.0,2302.0,992.0,671.0,1062.0,1046.0,1144.0
2005-01-01,687.0,2598.0,3570.0,1503.0,2111.0,878.0,1005.0,801.0,1556.0,2311.0,1027.0,698.0,1126.0,1102.0,1196.0
2005-02-01,691.0,3121.0,3363.0,1492.0,2240.0,897.0,1011.0,801.0,1526.0,2267.0,1054.0,721.0,1114.0,1102.0,1195.0
2005-03-01,702.0,2878.0,3450.0,1546.0,2249.0,921.0,1022.0,841.0,1580.0,2316.0,1059.0,698.0,1118.0,1113.0,1218.0
2005-04-01,706.0,2964.0,3574.0,1552.0,2352.0,1040.0,1043.0,847.0,1585.0,2236.0,1095.0,736.0,1140.0,1125.0,1242.0
2005-05-01,711.0,3031.0,3542.0,1542.0,2361.0,1004.0,1045.0,841.0,1627.0,2359.0,1079.0,747.0,1157.0,1134.0,1247.0
2005-06-01,703.0,3018.0,3614.0,1553.0,2339.0,973.0,1035.0,830.0,1645.0,2525.0,1088.0,756.0,1177.0,1136.0,1251.0
2005-07-01,727.0,2665.0,3643.0,1587.0,2385.0,1006.0,1117.0,842.0,1666.0,2472.0,1128.0,756.0,1202.0,1170.0,1288.0
2005-08-01,735.0,2158.0,3714.0,1615.0,2436.0,1020.0,1161.0,850.0,1693.0,2474.0,1157.0,803.0,1195.0,1184.0,1313.0
2005-09-01,729.0,2529.0,3914.0,1705.0,2504.0,1085.0,1181.0,850.0,1729.0,2654.0,1197.0,821.0,1220.0,1193.0,1357.0
2005-10-01,801.0,2596.0,3931.0,1702.0,2581.0,1035.0,1197.0,891.0,1776.0,2544.0,1172.0,837.0,1274.0,1237.0,1366.0
2005-11-01,794.0,3208.0,4219.0,1749.0,2609.0,1090.0,1218.0,922.0,1831.0,2678.0,1236.0,856.0,1341.0,1269.0,1413.0
2005-12-01,785.0,3369.0,4228.0,1759.0,2674.0,1093.0,1234.0,953.0,1851.0,2663.0,1240.0,888.0,1344.0,1294.0,1428.0
2006-01-01,794.0,3532.0,4222.0,1807.0,2722.0,1135.0,1235.0,1028.0,1895.0,2669.0,1252.0,882.0,1379.0,1300.0,1449.0
2006-02-01,807.0,4233.0,4398.0,1796.0,2764.0,1143.0,1244.0,1030.0,1906.0,2893.0,1271.0,912.0,1392.0,1312.0,1465.0
2006-03-01,813.0,4235.0,4247.0,1868.0,2819.0,1156.0,1252.0,1049.0,1945.0,2657.0,1289.0,934.0,1417.0,1335.0,1484.0
2006-04-01,820.0,4072.0,4117.0,1858.0,2777.0,1171.0,1275.0,1057.0,2055.0,2826.0,1305.0,938.0,1446.0,1374.0,1509.0
2006-05-01,881.0,4205.0,4734.0,1855.0,2798.0,1193.0,1306.0,1065.0,2045.0,2794.0,1348.0,955.0,1494.0,1394.0,1539.0
2006-06-01,902.0,4263.0,4712.0,1902.0,2858.0,1245.0,1308.0,1078.0,2087.0,2801.0,1359.0,997.0,1517.0,1414.0,1559.0
2006-07-01,917.0,4786.0,4579.0,1985.0,2960.0,1268.0,1320.0,1059.0,2111.0,2899.0,1363.0,981.0,1518.0,1424.0,1592.0
2006-08-01,921.0,4806.0,4656.0,1996.0,2936.0,1297.0,1360.0,1070.0,2150.0,2881.0,1404.0,988.0,1546.0,1455.0,1614.0
2006-09-01,921.0,4455.0,4765.0,2030.0,3064.0,1348.0,1371.0,1099.0,2163.0,2891.0,1414.0,1013.0,1581.0,1480.0,1637.0
2006-10-01,938.0,4576.0,4626.0,2018.0,3074.0,1329.0,1393.0,1108.0,2172.0,2966.0,1434.0,1020.0,1579.0,1509.0,1644.0
2006-11-01,946.0,3809.0,4905.0,2054.0,3074.0,1367.0,1414.0,1129.0,2205.0,2955.0,1456.0,1037.0,1597.0,1525.0,1669.0
2006-12-01,959.0,4521.0,4863.0,2088.0,3196.0,1372.0,1440.0,1154.0,2236.0,2996.0,1481.0,1067.0,1597.0,1551.0,1700.0
2007-01-01,976.0,4949.0,4978.0,2115.0,3230.0,1412.0,1463.0,1155.0,2271.0,3158.0,1488.0,1075.0,1667.0,1573.0,1727.0
2007-02-01,990.0,4625.0,4919.0,2130.0,3251.0,1447.0,1484.0,1196.0,2298.0,3349.0,1505.0,1085.0,1720.0,1589.0,1749.0
2007-03-01,999.0,5450.0,5431.0,2202.0,3518.0,1467.0,1504.0,1198.0,2334.0,3114.0,1533.0,1115.0,1792.0,1603.0,1785.0
2007-04-01,1014.0,5296.0,5266.0,2210.0,3330.0,1473.0,1525.0,1227.0,2383.0,3237.0,1565.0,1153.0,1765.0,1626.0,1808.0
2007-05-01,1030.0,5089.0,5330.0,2271.0,3472.0,1527.0,1508.0,1233.0,2467.0,3149.0,1562.0,1170.0,1782.0,1651.0,1835.0
2007-06-01,1045.0,5034.0,5322.0,2317.0,3546.0,1553.0,1569.0,1244.0,2512.0,3194.0,1603.0,1196.0,1817.0,1693.0,1869.0
2007-07-01,1063.0,5504.0,5479.0,2355.0,3638.0,1616.0,1621.0,1263.0,2557.0,3268.0,1648.0,1207.0,1844.0,1748.0,1918.0
2007-08-01,1065.0,4232.0,6604.0,2387.0,3805.0,1686.0,1625.0,1359.0,2608.0,3384.0,1675.0,1220.0,1890.0,1778.0,1958.0
2007-09-01,1082.0,4261.0,6205.0,2425.0,3780.0,1675.0,1670.0,1375.0,2630.0,3467.0,1697.0,1240.0,1873.0,1805.0,1978.0
2007-10-01,1203.0,4151.0,6126.0,2446.0,3818.0,1760.0,1702.0,1383.0,2689.0,3512.0,1739.0,1283.0,1911.0,1859.0,2023.0
2007-11-01,1175.0,4184.0,6243.0,2509.0,3956.0,1789.0,1752.0,1392.0,2734.0,3556.0,1744.0,1319.0,1946.0,1881.0,2062.0
2007-12-01,1222.0,4555.0,6522.0,2565.0,3908.0,1846.0,1782.0,1383.0,2734.0,3677.0,1815.0,1336.0,2028.0,1908.0,2111.0
2008-01-01,1252.0,4589.0,6858.0,2616.0,3962.0,1869.0,1821.0,1394.0,2836.0,3754.0,1848.0,1366.0,2072.0,1958.0,2157.0
2008-02-01,1241.0,4353.0,6528.0,2598.0,4046.0,1898.0,1864.0,1366.0,2934.0,3880.0,1835.0,1360.0,2080.0,1950.0,2155.0
2008-03-01,1299.0,4919.0,6803.0,2698.0,4151.0,1930.0,1918.0,1444.0,2965.0,3603.0,1937.0,1523.0,2185.0,2073.0,2240.0
2008-04-01,1335.0,5625.0,7157.0,2791.0,4657.0,2088.0,2017.0,1463.0,2990.0,4375.0,2014.0,1540.0,2222.0,2125.0,2345.0
2008-05-01,1344.0,5972.0,7235.0,2881.0,4481.0,2109.0,2000.0,1601.0,3099.0,4146.0,2073.0,1580.0,2271.0,2182.0,2395.0
2008-06-01,1362.0,5553.0,7931.0,2926.0,4508.0,2088.0,2019.0,1661.0,3149.0,4146.0,2081.0,1614.0,2291.0,2228.0,2413.0
2008-07-01,1407.0,5239.0,8401.0,2990.0,4696.0,2206.0,2103.0,1720.0,3263.0,4276.0,2182.0,1629.0,2381.0,2282.0,2503.0
2008-08-01,1525.0,5649.0,8211.0,3066.0,4934.0,2199.0,2139.0,1750.0,3291.0,4347.0,2203.0,1644.0,2447.0,2340.0,2548.0
2008-09-01,1600.0,4884.0,8071.0,3137.0,4991.0,2257.0,2193.0,1773.0,3399.0,4345.0,2247.0,1691.0,2507.0,2397.0,2602.0
2008-10-01,1554.0,5373.0,8377.0,3185.0,5135.0,2291.0,2223.0,1798.0,3451.0,4510.0,2280.0,1856.0,2594.0,2452.0,2651.0
2008-11-01,1548.0,5065.0,8561.0,3189.0,5250.0,2315.0,2247.0,1807.0,3506.0,4625.0,2310.0,1810.0,2599.0,2466.0,2680.0
2008-12-01,1574.0,5428.0,8523.0,3223.0,5340.0,2358.0,2277.0,1861.0,3572.0,4808.0,2358.0,1832.0,2649.0,2536.0,2728.0
2009-01-01,1590.0,5633.0,8210.0,3217.0,5473.0,2344.0,2290.0,1848.0,3638.0,4918.0,2392.0,1868.0,2645.0,2560.0,2743.0
2009-02-01,1644.0,5508.0,8890.0,3269.0,5526.0,2413.0,2346.0,1898.0,3687.0,5026.0,2413.0,1901.0,2720.0,2593.0,2792.0
2009-03-01,1636.0,5421.0,8632.0,3269.0,5539.0,2373.0,2363.0,1875.0,3744.0,4659.0,2433.0,1823.0,2727.0,2564.0,2777.0
2009-04-01,1658.0,6213.0,8737.0,3343.0,5613.0,2408.0,2438.0,1870.0,3846.0,4902.0,2468.0,1908.0,2824.0,2643.0,2847.0
2009-05-01,1665.0,6410.0,8691.0,3336.0,5532.0,2336.0,2471.0,1869.0,3852.0,5190.0,2506.0,1925.0,2843.0,2694.0,2877.0
2009-06-01,1712.0,5532.0,8837.0,3451.0,5820.0,2503.0,2484.0,1930.0,3954.0,5823.0,2536.0,1960.0,2940.0,2733.0,2941.0
2009-07-01,1708.0,4853.0,9811.0,3498.0,5879.0,2503.0,2496.0,1965.0,3953.0,5261.0,2517.0,1970.0,2891.0,2770.0,2954.0
2009-08-01,1694.0,6304.0,9323.0,3579.0,6431.0,2513.0,2542.0,1986.0,4048.0,5442.0,2628.0,1986.0,2972.0,2804.0,3018.0
2009-09-01,1690.0,6808.0,10609.0,3659.0,6125.0,2572.0,2548.0,2005.0,4139.0,5533.0,2639.0,2002.0,3043.0,2817.0,3065.0
2009-10-01,1673.0,6306.0,10262.0,3745.0,6226.0,2649.0,2575.0,2048.0,4182.0,5631.0,2670.0,2017.0,3092.0,2843.0,3103.0
2009-11-01,1662.0,5812.0,9971.0,3796.0,6242.0,2690.0,2618.0,2061.0,4194.0,5776.0,2729.0,2048.0,3155.0,2907.0,3151.0
2009-12-01,1901.0,6119.0,10718.0,3833.0,6486.0,2742.0,2643.0,2112.0,4354.0,5806.0,2765.0,2103.0,3157.0,2950.0,3221.0
2010-01-01,1890.0,5796.0,10344.0,3968.0,6654.0,2729.0,2737.0,2139.0,4372.0,6059.0,2829.0,2132.0,3197.0,3022.0,3296.0
2010-02-01,1941.0,6361.0,11767.0,4090.0,6647.0,2770.0,2806.0,2166.0,4508.0,6225.0,2918.0,2163.0,3289.0,3096.0,3386.0
2010-03-01,1979.0,6385.0,10985.0,4166.0,6651.0,2945.0,2880.0,2206.0,4624.0,6474.0,2945.0,2168.0,3319.0,3135.0,3447.0
2010-04-01,2000.0,6215.0,11757.0,4274.0,6840.0,2895.0,2903.0,2261.0,4708.0,6737.0,2961.0,2193.0,3370.0,3186.0,3500.0
2010-05-01,2053.0,7505.0,11857.0,4395.0,7216.0,3005.0,2842.0,2330.0,4719.0,6208.0,3050.0,2223.0,3469.0,3247.0,3562.0
2010-06-01,2115.0,7749.0,11592.0,4494.0,7419.0,3093.0,3193.0,2371.0,4811.0,6499.0,3160.0,2280.0,3531.0,3347.0,3678.0
2010-07-01,2151.0,8650.0,11757.0,4594.0,7353.0,3003.0,3150.0,2528.0,4919.0,6651.0,3229.0,2336.0,3678.0,3419.0,3746.0
2010-08-01,2156.0,7004.0,12306.0,4746.0,7443.0,3192.0,3247.0,2534.0,5175.0,6807.0,3326.0,2390.0,3731.0,3497.0,3859.0
2010-09-01,2396.0,7609.0,12690.0,4818.0,7698.0,3232.0,3333.0,2549.0,5429.0,6947.0,3387.0,2438.0,3866.0,3596.0,3957.0
2010-10-01,2407.0,6792.0,12370.0,4897.0,7828.0,3216.0,3441.0,2596.0,5462.0,7706.0,3456.0,2499.0,3969.0,3675.0,4040.0
2010-11-01,2385.0,7199.0,13145.0,4995.0,8206.0,3342.0,3500.0,2651.0,5687.0,7106.0,3531.0,2542.0,4030.0,3768.0,4129.0
2010-12-01,2423.0,8270.0,13400.0,5051.0,8314.0,3510.0,3616.0,2674.0,5647.0,7389.0,3577.0,2611.0,4102.0,3864.0,4211.0
2011-01-01,2447.0,8707.0,14043.0,5403.0,9503.0,3708.0,3719.0,2747.0,5902.0,7275.0,3686.0,2671.0,4202.0,3941.0,4391.0
2011-02-01,2482.0,8170.0,13673.0,5287.0,9358.0,3727.0,3766.0,2773.0,5920.0,7390.0,3747.0,2746.0,4265.0,4010.0,4384.0
2011-03-01,2548.0,7907.0,15245.0,5537.0,8646.0,3797.0,3929.0,2988.0,6145.0,8046.0,3881.0,2929.0,4425.0,4141.0,4567.0
2011-04-01,2613.0,8152.0,15136.0,5557.0,9032.0,3718.0,3915.0,2912.0,6235.0,8072.0,3920.0,2932.0,4443.0,4182.0,4584.0
2011-05-01,2691.0,8173.0,18255.0,5737.0,9772.0,4512.0,3867.0,2970.0,6747.0,8491.0,3982.0,2986.0,4605.0,4302.0,4821.0
2011-06-01,2738.0,9517.0,16051.0,5889.0,9732.0,4044.0,4204.0,3003.0,6646.0,8802.0,4088.0,3049.0,4734.0,4417.0,4864.0
2011-07-01,2832.0,8857.0,15917.0,6014.0,9990.0,4203.0,4295.0,3104.0,6641.0,8582.0,4233.0,3116.0,4631.0,4465.0,4959.0
2011-08-01,2862.0,9454.0,17397.0,6135.0,10163.0,4130.0,4381.0,3223.0,6859.0,8798.0,4300.0,3153.0,5028.0,4625.0,5087.0
2011-09-01,2934.0,9504.0,16418.0,6272.0,10402.0,4498.0,4560.0,3287.0,6958.0,9087.0,4428.0,3196.0,5100.0,4735.0,5214.0
2011-10-01,2886.0,9079.0,17639.0,6366.0,10709.0,4575.0,4697.0,3348.0,7145.0,9136.0,4529.0,3249.0,5145.0,4849.0,5328.0
2011-11-01,3394.0,9523.0,17579.0,6471.0,10887.0,4571.0,4734.0,3428.0,7195.0,9302.0,4618.0,3318.0,5247.0,4963.0,5425.0
2011-12-01,3207.0,9808.0,17089.0,6632.0,11227.0,4563.0,4921.0,3449.0,7418.0,9497.0,4755.0,3364.0,5452.0,5133.0,5561.0
2012-01-01,3221.0,9488.0,18339.0,7023.0,11291.0,4895.0,5013.0,3548.0,7488.0,9529.0,4845.0,3412.0,5596.0,5209.0,5734.0
2012-02-01,3189.0,9432.0,17529.0,6871.0,11263.0,4997.0,4940.0,3546.0,7715.0,9408.0,4847.0,3318.0,5538.0,5196.0,5649.0
2012-03-01,3392.0,10154.0,18353.0,7159.0,11017.0,5052.0,5213.0,3736.0,7798.0,9990.0,5029.0,3578.0,5816.0,5439.0,5906.0
2012-04-01,3443.0,9806.0,18455.0,7163.0,12123.0,5093.0,5365.0,3862.0,8098.0,10147.0,5159.0,3708.0,6193.0,5629.0,6037.0
2012-05-01,3499.0,9512.0,18756.0,7378.0,12889.0,4872.0,5460.0,3947.0,8186.0,11829.0,5254.0,3709.0,6069.0,5758.0,6182.0
2012-06-01,3591.0,9976.0,19301.0,7636.0,12235.0,5299.0,5588.0,4068.0,8311.0,10716.0,5410.0,3734.0,6163.0,5774.0,6310.0
2012-07-01,3671.0,10718.0,19484.0,7703.0,12450.0,6217.0,5675.0,4057.0,8684.0,11275.0,5458.0,3917.0,6332.0,6046.0,6499.0
2012-08-01,3723.0,11957.0,19543.0,7909.0,12766.0,5645.0,5836.0,4126.0,8638.0,11291.0,5624.0,3908.0,6449.0,6130.0,6580.0
2012-09-01,3774.0,12332.0,20547.0,8040.0,13014.0,5674.0,5901.0,4214.0,8736.0,11368.0,5707.0,3939.0,6537.0,6184.0,6677.0
2012-10-01,3771.0,11228.0,21044.0,8236.0,13356.0,5769.0,6011.0,4362.0,8970.0,11629.0,5829.0,4015.0,6666.0,6308.0,6821.0
2012-11-01,4002.0,11763.0,22097.0,8388.0,13691.0,6012.0,6282.0,4429.0,9329.0,11576.0,6025.0,4109.0,6759.0,6449.0,7021.0
2012-12-01,4075.0,11497.0,21880.0,8567.0,14040.0,6075.0,6422.0,4481.0,9460.0,12108.0,6096.0,4149.0,6948.0,6608.0,7168.0
2013-01-01,4171.0,11521.0,22253.0,8810.0,14247.0,6122.0,6519.0,4619.0,9737.0,11992.0,6237.0,4251.0,7147.0,6726.0,7311.0
2013-02-01,4245.0,12926.0,23253.0,8940.0,14997.0,6317.0,6657.0,4734.0,9771.0,12671.0,6422.0,4234.0,7316.0,6888.0,7461.0
2013-03-01,4253.0,11895.0,22761.0,9055.0,17834.0,6454.0,6750.0,4774.0,9790.0,13103.0,6425.0,4355.0,7384.0,7006.0,7572.0
2013-04-01,4356.0,13212.0,23670.0,9194.0,15701.0,6519.0,6698.0,4872.0,10257.0,12337.0,6539.0,4361.0,7636.0,7155.0,7619.0
2013-05-01,4484.0,12408.0,24332.0,9460.0,15847.0,6370.0,6987.0,5013.0,10641.0,14678.0,6744.0,4511.0,7629.0,7276.0,7914.0
2013-06-01,4630.0,14125.0,24206.0,9607.0,16427.0,6826.0,7122.0,5055.0,10805.0,13572.0,6853.0,4611.0,7815.0,7432.0,8046.0
2013-07-01,4647.0,15138.0,26218.0,9864.0,16430.0,6989.0,7147.0,5170.0,11037.0,13720.0,6856.0,4708.0,7809.0,7541.0,8166.0
2013-08-01,4726.0,14460.0,24442.0,9952.0,16856.0,6878.0,7411.0,5139.0,10987.0,14118.0,6984.0,4772.0,8089.0,7702.0,8277.0
2013-09-01,4786.0,15062.0,25323.0,10175.0,17190.0,6884.0,7460.0,5341.0,11182.0,14329.0,7195.0,4914.0,8257.0,7908.0,8459.0
2013-10-01,4885.0,17023.0,25834.0,10327.0,17351.0,6970.0,7590.0,5448.0,11379.0,14494.0,7266.0,5022.0,8428.0,8070.0,8580.0
2013-11-01,4975.0,17628.0,26497.0,10611.0,17733.0,7083.0,7863.0,5500.0,11700.0,15150.0,7425.0,5106.0,8538.0,8239.0,8816.0
2013-12-01,4993.0,16778.0,27117.0,10873.0,18113.0,7219.0,8056.0,5570.0,11885.0,15277.0,7711.0,5246.0,8874.0,8446.0,9026.0
2014-01-01,5197.0,16537.0,28478.0,11003.0,18682.0,7287.0,8245.0,5658.0,12030.0,15284.0,7881.0,5366.0,9071.0,8555.0,9201.0
2014-02-01,5349.0,17071.0,28055.0,11218.0,19182.0,7395.0,8526.0,5671.0,12564.0,16390.0,8120.0,5570.0,9253.0,8940.0,9456.0
2014-03-01,5486.0,19264.0,31754.0,11474.0,19444.0,7717.0,8739.0,5964.0,12990.0,16392.0,8405.0,5673.0,9490.0,9228.0,9771.0
2014-04-01,5584.0,19028.0,29169.0,12075.0,19939.0,7961.0,9352.0,5967.0,13075.0,20568.0,8815.0,5824.0,9709.0,9467.0,10161.0
2014-05-01,5659.0,19705.0,32898.0,12239.0,20323.0,8191.0,9204.0,6130.0,13336.0,17077.0,8814.0,5982.0,9960.0,9616.0,10257.0
2014-06-01,5756.0,21207.0,32827.0,12458.0,20814.0,8274.0,9428.0,6106.0,13695.0,17614.0,8929.0,6124.0,10316.0,9849.0,10471.0
2014-07-01,5892.0,19718.0,33399.0,12722.0,22421.0,8481.0,9919.0,6415.0,14391.0,18296.0,9358.0,6149.0,10672.0,10260.0,10789.0
2014-08-01,6028.0,20534.0,34827.0,13017.0,22767.0,8709.0,9825.0,6739.0,14674.0,18472.0,9515.0,6587.0,10868.0,10371.0,11043.0
2014-09-01,5969.0,22216.0,36598.0,13366.0,23218.0,8801.0,10271.0,6777.0,15107.0,19308.0,9763.0,6594.0,10890.0,10631.0,11360.0
2014-10-01,6348.0,23266.0,37274.0,13752.0,24078.0,8977.0,10515.0,6901.0,15454.0,19859.0,10150.0,6750.0,11741.0,10865.0,11664.0
2014-11-01,6610.0,26144.0,35685.0,13968.0,24985.0,8983.0,11088.0,7208.0,15509.0,20124.0,10368.0,6884.0,11789.0,11184.0,11924.0
2014-12-01,6681.0,22702.0,39298.0,14420.0,25202.0,9364.0,10780.0,7350.0,15868.0,20405.0,10471.0,7041.0,11843.0,11336.0,12109.0
2015-01-01,6823.0,23715.0,41347.0,14516.0,25859.0,9253.0,10994.0,7525.0,16208.0,22355.0,10645.0,7324.0,12046.0,11640.0,12401.0
2015-02-01,7026.0,24144.0,42485.0,15160.0,26314.0,9667.0,11251.0,7657.0,16576.0,21109.0,10814.0,7559.0,12519.0,11927.0,12704.0
2015-03-01,7138.0,24955.0,42111.0,15236.0,26448.0,9489.0,11412.0,7702.0,16771.0,22383.0,11001.0,7818.0,12750.0,12084.0,12884.0
2015-04-01,7344.0,24503.0,43211.0,15493.0,27278.0,9368.0,11131.0,7881.0,17192.0,20543.0,11104.0,8086.0,12668.0,12305.0,12866.0
2015-05-01,7632.0,25378.0,41500.0,15603.0,27738.0,9790.0,12298.0,8061.0,17319.0,20511.0,11554.0,8158.0,13426.0,12752.0,13352.0
2015-06-01,7759.0,24055.0,44198.0,16395.0,28788.0,10723.0,12409.0,8262.0,17685.0,30897.0,11860.0,8404.0,13429.0,13007.0,14027.0
2015-07-01,7926.0,25954.0,43356.0,16936.0,29642.0,10198.0,12814.0,8500.0,19245.0,24691.0,12236.0,8503.0,13901.0,13380.0,14195.0
2015-08-01,7891.0,26399.0,44807.0,17098.0,30832.0,10645.0,12792.0,8839.0,19419.0,25275.0,12245.0,9026.0,14659.0,13911.0,14511.0
2015-09-01,8027.0,26772.0,44855.0,17593.0,31417.0,11051.0,13474.0,9138.0,19927.0,25801.0,12812.0,9058.0,14642.0,14078.0,14955.0
2015-10-01,8076.0,28441.0,44720.0,17725.0,31445.0,11116.0,12996.0,9199.0,20268.0,26057.0,12743.0,9197.0,14814.0,14286.0,14928.0
2015-11-01,8700.0,30631.0,44617.0,18077.0,32122.0,11385.0,13606.0,9380.0,20514.0,27188.0,12990.0,9389.0,15455.0,14671.0,15373.0
2015-12-01,8673.0,29230.0,47420.0,18658.0,32684.0,11552.0,14041.0,9677.0,21026.0,27454.0,13670.0,9654.0,15701.0,15158.0,15787.0
2016-01-01,8831.0,31486.0,46549.0,18695.0,35558.0,11770.0,14169.0,9615.0,21232.0,28521.0,13689.0,9777.0,15851.0,15362.0,16009.0
2016-02-01,8916.0,31401.0,49253.0,19490.0,32761.0,11764.0,14129.0,9487.0,22501.0,29856.0,13716.0,9562.0,16039.0,15359.0,16180.0
2016-03-01,9284.0,31032.0,49480.0,20169.0,35700.0,12039.0,15100.0,10058.0,22289.0,26663.0,14661.0,10844.0,16769.0,16213.0,16892.0
2016-04-01,9593.0,34572.0,50276.0,20682.0,36537.0,12791.0,15923.0,10248.0,22704.0,33080.0,15000.0,10731.0,17423.0,16607.0,17522.0
2016-05-01,9885.0,37683.0,48180.0,21162.0,37853.0,13058.0,16208.0,10371.0,23214.0,36240.0,15562.0,11000.0,17878.0,17055.0,18003.0
2016-06-01,10133.0,39975.0,52170.0,21537.0,38255.0,13513.0,16363.0,11039.0,23845.0,33180.0,15962.0,11323.0,18709.0,17558.0,18341.0
2016-07-01,10473.0,44364.0,59968.0,22235.0,37397.0,13516.0,16382.0,11316.0,24453.0,33249.0,16234.0,11634.0,19828.0,18237.0,18778.0
2016-08-01,11562.0,46353.0,58557.0,22895.0,39612.0,13829.0,16960.0,11448.0,25062.0,34143.0,16667.0,11919.0,19450.0,18536.0,19298.0
2016-09-01,11244.0,41541.0,56798.0,23077.0,43541.0,13822.0,17014.0,11472.0,25947.0,35498.0,16890.0,12063.0,19655.0,19128.0,19562.0
2016-10-01,11621.0,43870.0,58606.0,23751.0,42999.0,14666.0,17969.0,11747.0,26649.0,36732.0,17469.0,12323.0,20292.0,19713.0,20188.0
2016-11-01,11492.0,42019.0,58439.0,24354.0,43138.0,14949.0,18297.0,11750.0,27504.0,37171.0,17971.0,12519.0,20864.0,19937.0,20633.0
2016-12-01,12041.0,45790.0,60228.0,24879.0,45065.0,15274.0,18722.0,12225.0,29085.0,39274.0,18387.0,12705.0,22214.0,20710.0,21248.0
2017-01-01,12258.0,47831.0,59901.0,25884.0,48276.0,16166.0,19503.0,12509.0,29311.0,38241.0,19090.0,12980.0,21998.0,21562.0,21879.0
2017-02-01,12375.0,49259.0,62014.0,26047.0,46632.0,16319.0,19560.0,12904.0,29707.0,44790.0,19512.0,13111.0,22179.0,21745.0,22216.0
2017-03-01,12571.0,44292.0,64617.0,26714.0,47642.0,16607.0,20221.0,13147.0,29881.0,39184.0,19769.0,13076.0,22740.0,22253.0,22537.0
2017-04-01,12917.0,41082.0,62728.0,26920.0,47700.0,16162.0,20391.0,13626.0,30307.0,40262.0,20299.0,13465.0,23169.0,22620.0,22766.0
2017-05-01,13148.0,49639.0,61807.0,26975.0,49311.0,17385.0,20507.0,13682.0,30931.0,40433.0,20334.0,13926.0,23449.0,23050.0,23075.0
2017-06-01,13399.0,55210.0,71398.0,28424.0,50665.0,17627.0,21097.0,14066.0,31722.0,41694.0,20830.0,14163.0,23982.0,23610.0,23872.0
2017-07-01,13725.0,53457.0,70214.0,28942.0,50055.0,18407.0,22078.0,14164.0,31994.0,43331.0,21404.0,15711.0,24866.0,24126.0,24472.0
2017-08-01,13895.0,53653.0,67718.0,29144.0,51095.0,18572.0,22675.0,14203.0,33062.0,44951.0,22022.0,15027.0,24822.0,24735.0,24868.0
2017-09-01,13595.0,55223.0,69560.0,29622.0,52796.0,18753.0,22905.0,14403.0,33285.0,44230.0,22365.0,15369.0,25564.0,25038.0,25254.0
2017-10-01,16360.0,53859.0,72602.0,30223.0,54023.0,19064.0,23002.0,14657.0,33652.0,46280.0,22694.0,15307.0,26623.0,25395.0,25721.0
2017-11-01,14737.0,50854.0,72696.0,30818.0,54506.0,19576.0,23157.0,14717.0,34106.0,45581.0,22974.0,15581.0,26101.0,25736.0,25980.0
2017-12-01,15072.0,61219.0,74803.0,31172.0,55684.0,19615.0,23672.0,15320.0,34682.0,46210.0,23567.0,15848.0,26698.0,26092.0,26382.0
2018-01-01,15208.0,64372.0,75706.0,31726.0,49403.0,20127.0,24166.0,15755.0,36146.0,53763.0,23942.0,16379.0,27519.0,26688.0,27046.0
2018-02-01,15663.0,65704.0,78154.0,32664.0,56898.0,20692.0,24754.0,16256.0,36384.0,48129.0,24764.0,16721.0,28293.0,27199.0,27596.0
2018-03-01,15956.0,63539.0,78276.0,32866.0,60012.0,21365.0,25155.0,16503.0,38076.0,48694.0,24866.0,16183.0,28553.0,27476.0,28089.0
2018-04-01,16167.0,66557.0,82725.0,33733.0,61238.0,21695.0,25710.0,16711.0,38740.0,49501.0,25609.0,16851.0,29078.0,28259.0,28757.0
2018-05-01,16326.0,71600.0,87463.0,34143.0,59257.0,21860.0,25821.0,17035.0,39101.0,53066.0,25933.0,17149.0,29830.0,28688.0,29180.0
2018-06-01,16849.0,74766.0,85823.0,34701.0,62576.0,22314.0,26577.0,17254.0,39512.0,52515.0,26590.0,17544.0,30287.0,29310.0,29765.0
2018-07-01,17151.0,85775.0,86886.0,35272.0,72153.0,22096.0,26731.0,17588.0,39422.0,55443.0,26692.0,17863.0,30308.0,29335.0,30059.0
2018-08-01,17422.0,92974.0,88944.0,36415.0,66714.0,23630.0,27849.0,17896.0,41000.0,56489.0,28320.0,18405.0,32117.0,30483.0,31293.0
2018-09-01,19816.0,115851.0,93759.0,37443.0,65752.0,24431.0,28611.0,18400.0,41785.0,59728.0,29064.0,18981.0,32854.0,31189.0,32347.0
2018-10-01,18755.0,105220.0,94537.0,38594.0,69450.0,25050.0,29982.0,18890.0,43145.0,61111.0,30076.0,20483.0,33787.0,32383.0,33310.0
2018-11-01,19236.0,100051.0,101613.0,40054.0,71823.0,26046.0,31657.0,20202.0,45166.0,66931.0,31643.0,21031.0,35252.0,34141.0,35064.0
2018-12-01,19545.0,85421.0,100664.0,40581.0,72258.0,27163.0,31443.0,20017.0,45894.0,64352.0,31933.0,21824.0,35125.0,34535.0,35357.0
